"snop","glut"
"spokesperson","rzecznik"
"stirred","wstrząśnięty"
"revieved","ożywiać"
"liability","ciężar/odpowiedzialność"
"fading","zblakły/zgasły"
"rooted","ukorzeniony"
"merchadise","towar"
"broader","szerszy"
"embrancing","ogarnięcie"
"differntiation","rozróżnianie"
"overwhelmed","przytłoczony"
"apeal","odwołanie"
"fad","chwilowa moda"
"abbreviations","skróty"
"delighted","zachwycony"
"abbreviation","skrót"
"portrays","przedstawia"
"regally","królewsko"
"chink","szpara"
"exterior","zewnętrzny"
"thoughtfully","w zamyśleniu"
"evasive","nieuchwytny/wykretny/bałamutny"
"hint","wskazówka"
"blether","pleść głupstwa/ pusta gadanina"
"posh","wykwintny/szykowny"
"opulent","bogaty/zasobny"
"meditatively","medytacyjnie"
"neat","schludny/czysty"
"cardigan","sweter rozpinany"
"pumps","lakierki"
"crams","dopychać/zapchac"
"mumble","mamroczenie/bełkot"
"crumbs","okruszki"
"leap up","podskoczyć"
"girlishly","dziewczęco"
"swirling","wirowanie"
"restrained","powściągliwy/umiarkowany"
"pits","dół/dołować"
"disintegrate","rozpadać się"
"indugle","indukować"
"wan","blady/słady"
"bubbling","bugotanie"
"overwrought","wymęczony/przedenerwowany"
"repressed","stłumiony"
"immersed","zanurzony"
"ruefully","ze smutkiem"
"vaguely","niejasno"
"precocious","przedwczesny"
"ageing","starzenie się"
"rant","tyrada"
"hanker","tęsknić"
"chuffed","zchwycony"
"adrift","dryfujący"
"ponder","rozważać"
"sufferers","cierpiący"
"breathtking","zapierający dech w piersiach"
"picturesque","malowniczy"
"intiguing","intrygujące"
"savvy","rozumieć"
