"crumbs","okruszki","0"
"revieved","ożywiać","0"
"immersed","zanurzony","0"
"overwhelmed","przytłoczony","0"
"abbreviations","skróty","0"
"thoughtfully","w zamyśleniu","0"
"opulent","bogaty/zasobny","0"
"precocious","przedwczesny","0"
"pits","dół/dołować","0"
"restrained","powściągliwy/umiarkowany","0"
"ponder","rozważać","0"
"bubbling","bugotanie","0"
"apeal","odwołanie","0"
"fad","chwilowa moda","0"
"ageing","starzenie się","0"
"stirred","wstrząśnięty","0"
"hint","wskazówka","0"
"snop","glut","0"
"regally","królewsko","0"
"adrift","dryfujący","0"
"chink","szpara","0"
"chuffed","zchwycony","0"
"overwrought","wymęczony/przedenerwowany","0"
"liability","ciężar/odpowiedzialność","0"
"girlishly","dziewczęco","0"
"delighted","zachwycony","0"
"fading","zblakły/zgasły","0"
"rant","tyrada","0"
"neat","schludny/czysty","0"
"indugle","indukować","0"
"abbreviation","skrót","0"
"blether","pleść głupstwa/ pusta gadanina","0"
"portrays","przedstawia","0"
"savvy","rozumieć","0"
"picturesque","malowniczy","0"
"differntiation","rozróżnianie","0"
"posh","wykwintny/szykowny","0"
"exterior","zewnętrzny","0"
"leap up","podskoczyć","0"
"ruefully","ze smutkiem","0"
"sufferers","cierpiący","0"
"cardigan","sweter rozpinany","0"
"rooted","ukorzeniony","0"
"embrancing","ogarnięcie","0"
"pumps","lakierki","0"
"meditatively","medytacyjnie","0"
"merchadise","towar","0"
"hanker","tęsknić","0"
"wan","blady/słady","0"
"disintegrate","rozpadać się","0"
"evasive","nieuchwytny/wykretny/bałamutny","0"
"mumble","mamroczenie/bełkot","0"
"spokesperson","rzecznik","0"
"intiguing","intrygujące","0"
"vaguely","niejasno","0"
"crams","dopychać/zapchac","0"
"broader","szerszy","0"
"swirling","wirowanie","0"
"repressed","stłumiony","0"
"breathtking","zapierający dech w piersiach","0"
